节点类型,inkscape:label,键名,值,值个数
flowRoot,#flowRoot9399-4-1-5,alpha,terrain5_alpha_sand.png,1
flowRoot,#flowRoot9399-4-1-5,color,fill,1
flowRoot,#flowRoot9399-4-1-5,day_color,fill,1
flowRoot,#flowRoot9399-4-1-5,description,conquest map - 8 bases,1
flowRoot,#flowRoot9399-4-1-5,flip,1,1
flowRoot,#flowRoot9399-4-1-5,friction,0.19,1
flowRoot,#flowRoot9399-4-1-5,index,0,2
flowRoot,#flowRoot9399-4-1-5,index,1,2
flowRoot,#flowRoot9399-4-1-5,name,Keepsake Bay,2
flowRoot,#flowRoot9399-4-1-5,name,shop1,2
flowRoot,#flowRoot9399-4-1-5,night_color,stroke,1
flowRoot,#flowRoot9399-4-1-5,outline,1,1
flowRoot,#flowRoot9399-4-1-5,outline_color,fill,1
flowRoot,#flowRoot9399-4-1-5,randomize_faction_index,1,1
flowRoot,#flowRoot9399-4-1-5,scale,0.01 0.01,1
flowRoot,#flowRoot9399-4-1-5,sequence,empty,3
flowRoot,#flowRoot9399-4-1-5,sequence,"shop1_door_l, shop1_door_r",3
flowRoot,#flowRoot9399-4-1-5,sequence,"shop1_l, shop1_r",3
flowRoot,#flowRoot9399-4-1-5,show_base_names_in_map_view,0,1
flowRoot,#flowRoot9399-4-1-5,step_dust_size,0.4,1
flowRoot,#flowRoot9399-4-1-5,step_sound,18,5
flowRoot,#flowRoot9399-4-1-5,step_sound,19,5
flowRoot,#flowRoot9399-4-1-5,step_sound,20,5
flowRoot,#flowRoot9399-4-1-5,step_sound,21,5
flowRoot,#flowRoot9399-4-1-5,step_sound,22,5
flowRoot,#flowRoot9399-4-1-5,step_sound_volume,0.14,1
flowRoot,#flowRoot9399-4-1-5,tag,dirt,1
flowRoot,#flowRoot9399-4-1-5,texture,sand.png,1
flowRoot,无label,alpha_blend,1,1
flowRoot,无label,climbable,0,1
flowRoot,无label,collision_model_offset,0 0 0,1
flowRoot,无label,collision_model_size,.4 3 .4,7
flowRoot,无label,collision_model_size,1.4 1.4 2.2,7
flowRoot,无label,collision_model_size,2 8.0 2,7
flowRoot,无label,collision_model_size,2.3 2.8 6.2,7
flowRoot,无label,collision_model_size,2.8 2 4,7
flowRoot,无label,collision_model_size,5.2 17.2 5.2,7
flowRoot,无label,collision_model_size,6.0 1.0 6.0,7
flowRoot,无label,collision_model_type,-1,3
flowRoot,无label,collision_model_type,0,3
flowRoot,无label,collision_model_type,1,3
flowRoot,无label,color,fill,2
flowRoot,无label,color,stroke,2
flowRoot,无label,color_variance,0.0 0.0 0.3,1
flowRoot,无label,depth,0.5,2
flowRoot,无label,depth,0.8,2
flowRoot,无label,detail_cutout_texture,cutout.png,1
flowRoot,无label,detail_cutout_texture_channel,1,1
flowRoot,无label,detail_cutout_texture_scale,10 10,1
flowRoot,无label,detail_texture,birch.png,2
flowRoot,无label,detail_texture,wall_atlas1.png,2
flowRoot,无label,detail_texture_atlas_cell,2 0 8 8 0.0078125,2
flowRoot,无label,detail_texture_atlas_cell,2 1 8 8 0.0078125 0.0078125,2
flowRoot,无label,detail_texture_scale,3 3,1
flowRoot,无label,height,1.35,2
flowRoot,无label,height,7,2
flowRoot,无label,key,deco_car2_yellow.vehicle,3
flowRoot,无label,key,deco_pickup_blue.vehicle,3
flowRoot,无label,key,water_tower.vehicle,3
flowRoot,无label,mesh_name,camonet.mesh,8
flowRoot,无label,mesh_name,gas_tank.mesh,8
flowRoot,无label,mesh_name,lighthouse.mesh,8
flowRoot,无label,mesh_name,streetlantern.mesh,8
flowRoot,无label,mesh_name,tent.mesh,8
flowRoot,无label,mesh_name,ventilator.mesh,8
flowRoot,无label,mesh_name,venus.mesh,8
flowRoot,无label,mesh_name,weapon_rack.mesh,8
flowRoot,无label,name,BuildingWhite1,15
flowRoot,无label,name,BuildingWhite1Brick,15
flowRoot,无label,name,HangarWall,15
flowRoot,无label,name,TreeBirch,15
flowRoot,无label,name,TrenchWall1,15
flowRoot,无label,name,camonet,15
flowRoot,无label,name,gas_tank,15
flowRoot,无label,name,lighthouse,15
flowRoot,无label,name,parking_line,15
flowRoot,无label,name,roadline,15
flowRoot,无label,name,streetlantern,15
flowRoot,无label,name,tent,15
flowRoot,无label,name,ventilator,15
flowRoot,无label,name,venus,15
flowRoot,无label,name,weapon_rack,15
flowRoot,无label,other_floor_1,apartment1,1
flowRoot,无label,other_floor_2,apartment1,1
flowRoot,无label,other_floor_3,apartment1,1
flowRoot,无label,other_floor_4,apartment1,1
flowRoot,无label,penetrability,0,1
flowRoot,无label,roof_color,fill,1
flowRoot,无label,roof_color_variance,0.0 0.0 0.2,1
flowRoot,无label,roof_texture,wall_atlas1.png,1
flowRoot,无label,roof_texture_atlas_cell,1 0 2 2,1
flowRoot,无label,roof_texture_scale,8.0 8.0,1
flowRoot,无label,see_through,0,1
flowRoot,无label,separator_color,#938c7d,2
flowRoot,无label,separator_color,stroke,2
flowRoot,无label,separator_depth,0.0,2
flowRoot,无label,separator_depth,0.6,2
flowRoot,无label,separator_over_height,0.0,2
flowRoot,无label,separator_over_height,0.8,2
flowRoot,无label,separator_side_texture,none,2
flowRoot,无label,separator_side_texture,wall_atlas1.png,2
flowRoot,无label,separator_side_texture_atlas_cell,2 1 4 4 0.03125 0.015625,2
flowRoot,无label,separator_side_texture_atlas_cell,6 3 16 8 0.015625 0.0078125,2
flowRoot,无label,separator_side_texture_scale,0.2 1.0,2
flowRoot,无label,separator_side_texture_scale,0.6 1.0,2
flowRoot,无label,separator_top_texture,none,2
flowRoot,无label,separator_top_texture,wall_atlas1.png,2
flowRoot,无label,separator_top_texture_atlas_cell,2 1 4 4 0.03125 0.03125,2
flowRoot,无label,separator_top_texture_atlas_cell,6 5 16 16 0.015625,2
flowRoot,无label,separator_top_texture_scale,0.2 1.0,2
flowRoot,无label,separator_top_texture_scale,0.6 0.6,2
flowRoot,无label,side_texture,none,2
flowRoot,无label,side_texture,wall_atlas1.png,2
flowRoot,无label,side_texture_atlas_cell,0 1 4 4 0.015625,2
flowRoot,无label,side_texture_atlas_cell,3 0 8 8 0.0078125,2
flowRoot,无label,side_texture_scale,1.35 1.35,2
flowRoot,无label,side_texture_scale,2.0 1.25,2
flowRoot,无label,st_floor_1,apartment1_1st_floor,1
flowRoot,无label,st_floor_2,apartment1_1st_floor_empty,1
flowRoot,无label,st_floor_3,apartment1_1st_floor,1
flowRoot,无label,st_floor_4,apartment1_1st_floor_empty,1
flowRoot,无label,template,enclosure_a,1
flowRoot,无label,texture0,decal_decoration_atlas.png,2
flowRoot,无label,texture0,world_atlas1.png,2
flowRoot,无label,texture0_atlas_cell,0 2 4 4,10
flowRoot,无label,texture0_atlas_cell,0 5 8 8,10
flowRoot,无label,texture0_atlas_cell,1 0 128 128,10
flowRoot,无label,texture0_atlas_cell,1 4 8 8,10
flowRoot,无label,texture0_atlas_cell,1 5 8 8,10
flowRoot,无label,texture0_atlas_cell,2 1 8 4,10
flowRoot,无label,texture0_atlas_cell,3 0 8 8,10
flowRoot,无label,texture0_atlas_cell,4 0 8 8,10
flowRoot,无label,texture0_atlas_cell,5 0 8 8,10
flowRoot,无label,texture0_atlas_cell,5 1 16 16,10
flowRoot,无label,top_texture,wall_atlas1.png,1
flowRoot,无label,top_texture_atlas_cell,3 4 8 16 0.0078125 0.015625,1
flowRoot,无label,top_texture_scale,1.35 0.5,1
flowRoot,无label,type,tree,2
flowRoot,无label,type,vehicle,2
g,alpha_road,name,Eastern district,1
g,bases.dominance,height,4,1
g,bases.dominance,material,BuildingWhite2,1
g,bases.manvsworld,faction_index,1,1
g,bases.manvsworld,name,Eastern district,1
g,buildings,height,4,1
g,buildings,material,BuildingWhite2,1
g,cars,key,special_crate_wood3.vehicle,1
g,cars,type,vehicle,1
g,crates,template,barell_red,1
g,decals,template,manhole,1
g,dirt,height,4,1
g,extraction,key,heli_extraction.vehicle,1
g,extraction,type,vehicle,1
g,height,TOP_MATERIAL,TERRAIN,1
g,height,TYPE,END,1
g,height,WALL_TEMPLATE,STONEWALL1,1
g,ladders,template,hedgehog,1
g,layer1,template,GardenWall1,1
g,layer1.manvsworld,tag,truck,1
g,layer1.manvsworld,type,vehicle,1
g,layer3,height,2,1
g,layer3,material,BuildingVilla,1
g,layer3,roof_type,elevated,1
g,other,key,rubber_boat.vehicle,1
g,other,template,parasol_blue,1
g,other,type,vehicle,2
g,other,type,weapon_rack,2
g,signs,mode,stand,1
g,signs,penetrability,0.5,1
g,signs,rect,0.000 0.909 0.538 0.983,1
g,signs,texture,signs.png,1
g,spawnpoints,height,2,1
g,spawnpoints,key,mobile_armory.vehicle,2
g,spawnpoints,key,noxe.vehicle,2
g,spawnpoints,material,BuildingWhite2RoofStory1,1
g,spawnpoints,roof_type,flat,1
g,spawnpoints,type,vehicle,1
g,vehicles,tag,icecream,1
g,woods_1,template,FarmFence1,2
g,woods_1,template,palmtree_1,2
g,无label,base_wall_template,BrickWall1,4
g,无label,base_wall_template,BrickWall3,4
g,无label,base_wall_template,CliffWall2,4
g,无label,base_wall_template,SidePanelWall1,4
g,无label,height,0.1,8
g,无label,height,0.10,8
g,无label,height,0.25,8
g,无label,height,0.4,8
g,无label,height,1.2,8
g,无label,height,4,8
g,无label,height,4.0,8
g,无label,height,6,8
g,无label,material,BuildingWhite2,2
g,无label,material,BuildingWhite4,2
g,无label,separator_height,0.1,3
g,无label,separator_height,0.2,3
g,无label,separator_height,0.3,3
g,无label,top_material,pavement,3
g,无label,top_material,terrain,3
g,无label,top_material,wood,3
g,无label,type,deck_end,4
g,无label,type,deck_start,4
g,无label,type,end,4
g,无label,type,start,4
g,无label,wall_height,0,3
g,无label,wall_height,0.2,3
g,无label,wall_height,1.0,3
g,无label,wall_template,DummyWall1,5
g,无label,wall_template,FarmFence1,5
g,无label,wall_template,PlatformFence1,5
g,无label,wall_template,StoneWall1,5
g,无label,wall_template,StoneWallCastle1,5
image,无label,template,burned_ground,1
path,#path13636,template,FarmFence1,1
path,#path21333,template,PlatformFence1,1
path,#path6989-1_platform,type,start,1
path,#path70527,template,SecurityFence1,1
path,#path70531,template,SecurityFence1,1
path,#path7454,collision_model_size,3 3.5 5.4,1
path,#path7454,collision_model_type,1,1
path,#path7454,mesh_name,armory.mesh,1
path,#path7454,name,armory,1
path,#path7454,tag,tank,1
path,#path7454,texture0,armory.png,1
path,#path7454,type,stash,2
path,#path7454,type,vehicle,2
path,#path7943_platform,template,PlatformFence1,1
path,#path7943_platform,type,deck_start,2
path,#path7943_platform,type,start,2
path,post,post_template,post1_3,2
path,post,post_template,post1_4,2
path,无label,TOP_MATERIAL,TERRAIN,1
path,无label,TYPE,END,1
path,无label,WALL_TEMPLATE,BRICKWALL2,2
path,无label,WALL_TEMPLATE,STONEWALL1,2
path,无label,base_wall_template,BrickWall1,2
path,无label,base_wall_template,SidePanelWall1,2
path,无label,collision_model_size,6.0 3.7 7.5,1
path,无label,collision_model_type,1,1
path,无label,height,0.5,12
path,无label,height,1.0,12
path,无label,height,1.3,12
path,无label,height,1.8,12
path,无label,height,2,12
path,无label,height,2.5,12
path,无label,height,3.0,12
path,无label,height,3.8,12
path,无label,height,4,12
path,无label,height,6,12
path,无label,height,6.0,12
path,无label,height,7.0,12
path,无label,material,BuildingHouse,6
path,无label,material,BuildingShop1,6
path,无label,material,BuildingWhite1,6
path,无label,material,BuildingWhite2,6
path,无label,material,BuildingWhite3,6
path,无label,material,BuildingWhite4,6
path,无label,merge,1,1
path,无label,mesh_name,rock_h1.mesh,1
path,无label,mode,deck,1
path,无label,name,East town,3
path,无label,name,clover,3
path,无label,name,rock_h1,3
path,无label,offset,0 -0.02 0,2
path,无label,offset,0 -0.3 0,2
path,无label,roof_color_variance,0 0 0,1
path,无label,template,ChurchWall1,9
path,无label,template,FarmFence1,9
path,无label,template,GardenWall1,9
path,无label,template,InvisibleWall1,9
path,无label,template,PlatformFence1,9
path,无label,template,RuinWall1,9
path,无label,template,RuinWall2,9
path,无label,template,SandbagWall1,9
path,无label,template,SecurityFence1,9
path,无label,texture0,decal_decoration_atlas.png,2
path,无label,texture0,world_atlas1.png,2
path,无label,texture0_atlas_cell,2 2 4 4,1
path,无label,texture0_rect,0.75 0.03125 0.875 0.125,1
path,无label,top_material,terrain,2
path,无label,top_material,wood,2
path,无label,type,deck_end,2
path,无label,type,end,2
path,无label,wall_template,BrickWall2,3
path,无label,wall_template,FarmFence1,3
path,无label,wall_template,StoneWall1,3
rect,#building_style,name,apartment1,8
rect,#building_style,name,apartment1_1st_floor,8
rect,#building_style,name,apartment1_1st_floor_busy,8
rect,#building_style,name,apartment1_1st_floor_empty,8
rect,#building_style,name,apartment1_1st_floor_really_empty,8
rect,#building_style,name,apartment1_normal_windows,8
rect,#building_style,name,empty,8
rect,#building_style,name,house,8
rect,#building_style,sequence,apartment1_1st_floor_door,14
rect,#building_style,sequence,"apartment1_1st_floor_door_wide1_l, apartment1_1st_floor_door_wide1_r",14
rect,#building_style,sequence,apartment1_1st_floor_empty,14
rect,#building_style,sequence,"apartment1_1st_floor_poster_wide1_l, apartment1_1st_floor_poster_wide1_r",14
rect,#building_style,sequence,apartment1_1st_floor_window,14
rect,#building_style,sequence,"apartment1_1st_floor_window, apartment1_1st_floor_empty",14
rect,#building_style,sequence,apartment1_small_window,14
rect,#building_style,sequence,apartment1_window,14
rect,#building_style,sequence,"apartment1_window_wide1_l, apartment1_window_wide1_r",14
rect,#building_style,sequence,"apartment1_window_wide2_l, apartment1_window_wide2_r",14
rect,#building_style,sequence,empty,14
rect,#building_style,sequence,house_door,14
rect,#building_style,sequence,house_empty,14
rect,#building_style,sequence,house_window,14
rect,#ladder,height,6,1
rect,#ladder,material,BuildingWhite2,1
rect,#ladder,offset,0 -0.1 0,1
rect,#material,atlas_texture,building_atlas2.png,2
rect,#material,atlas_texture,building_atlas3.png,2
rect,#material,color,stroke,1
rect,#material,color_variance,0.0 0.0 0.3,4
rect,#material,color_variance,0.0 0.1 0.1,4
rect,#material,color_variance,0.01 0.1 0.1,4
rect,#material,color_variance,0.02 0.2 0.2,4
rect,#material,detail_cutout_texture,cutout.png,1
rect,#material,detail_cutout_texture_channel,1,1
rect,#material,detail_cutout_texture_scale,10 10,1
rect,#material,detail_texture,wall_atlas1.png,1
rect,#material,detail_texture_atlas_cell,0 1 8 8 0.0078125 0.0078125,4
rect,#material,detail_texture_atlas_cell,2 0 8 8 0.0078125 0.0078125,4
rect,#material,detail_texture_atlas_cell,2 1 8 8 0.0078125,4
rect,#material,detail_texture_atlas_cell,2 1 8 8 0.0078125 0.0078125,4
rect,#material,detail_texture_scale,3 3,2
rect,#material,detail_texture_scale,3.0 3.0,2
rect,#material,name,BuildingHouse,15
rect,#material,name,BuildingRoofStory1,15
rect,#material,name,BuildingShop1,15
rect,#material,name,BuildingShop1End,15
rect,#material,name,BuildingShop2,15
rect,#material,name,BuildingVilla,15
rect,#material,name,BuildingWhite1Busy,15
rect,#material,name,BuildingWhite1Empty1stFloor,15
rect,#material,name,BuildingWhite2,15
rect,#material,name,BuildingWhite2Busy,15
rect,#material,name,BuildingWhite2RoofStory1,15
rect,#material,name,BuildingWhite3,15
rect,#material,name,BuildingWhite3Busy,15
rect,#material,name,BuildingWhite3RoofStory1,15
rect,#material,name,BuildingWhite4,15
rect,#material,other_floor_1,apartment1,4
rect,#material,other_floor_1,apartment1_normal_windows,4
rect,#material,other_floor_1,empty,4
rect,#material,other_floor_1,house,4
rect,#material,other_floor_2,apartment1,4
rect,#material,other_floor_2,apartment1_normal_windows,4
rect,#material,other_floor_2,empty,4
rect,#material,other_floor_2,house,4
rect,#material,other_floor_3,apartment1,4
rect,#material,other_floor_3,apartment1_normal_windows,4
rect,#material,other_floor_3,empty,4
rect,#material,other_floor_3,house,4
rect,#material,other_floor_4,apartment1,4
rect,#material,other_floor_4,apartment1_normal_windows,4
rect,#material,other_floor_4,empty,4
rect,#material,other_floor_4,house,4
rect,#material,roof_color,fill,1
rect,#material,roof_color_variance,0 0.1 0.1,4
rect,#material,roof_color_variance,0.0 0.0 0.2,4
rect,#material,roof_color_variance,0.0 0.1 0.1,4
rect,#material,roof_color_variance,0.01 0.1 0.1,4
rect,#material,roof_cutout_texture,cutout.png,2
rect,#material,roof_cutout_texture,cutout_2.png,2
rect,#material,roof_cutout_texture_channel,1,1
rect,#material,roof_cutout_texture_scale,15 15,3
rect,#material,roof_cutout_texture_scale,20 20,3
rect,#material,roof_cutout_texture_scale,30 30,3
rect,#material,roof_texture,concrete_roof.png,2
rect,#material,roof_texture,wall_atlas1.png,2
rect,#material,roof_texture_atlas_cell,0 4 8 8 0.0078125 0.03125,4
rect,#material,roof_texture_atlas_cell,1 0 2 2,4
rect,#material,roof_texture_atlas_cell,1 2 4 4 0.004,4
rect,#material,roof_texture_atlas_cell,2 1 8 8 0.015625 0.015625,4
rect,#material,roof_texture_rect,0 0 1 1,1
rect,#material,roof_texture_scale,1.5 1.5,4
rect,#material,roof_texture_scale,3 3,4
rect,#material,roof_texture_scale,5 5,4
rect,#material,roof_texture_scale,8.0 8.0,4
rect,#material,st_floor_1,apartment1_1st_floor,6
rect,#material,st_floor_1,apartment1_1st_floor_busy,6
rect,#material,st_floor_1,apartment1_1st_floor_really_empty,6
rect,#material,st_floor_1,empty,6
rect,#material,st_floor_1,house,6
rect,#material,st_floor_1,shop1,6
rect,#material,st_floor_2,apartment1_1st_floor,7
rect,#material,st_floor_2,apartment1_1st_floor_busy,7
rect,#material,st_floor_2,apartment1_1st_floor_empty,7
rect,#material,st_floor_2,apartment1_1st_floor_really_empty,7
rect,#material,st_floor_2,empty,7
rect,#material,st_floor_2,house,7
rect,#material,st_floor_2,shop1,7
rect,#material,st_floor_3,apartment1_1st_floor,7
rect,#material,st_floor_3,apartment1_1st_floor_busy,7
rect,#material,st_floor_3,apartment1_1st_floor_empty,7
rect,#material,st_floor_3,apartment1_1st_floor_really_empty,7
rect,#material,st_floor_3,empty,7
rect,#material,st_floor_3,house,7
rect,#material,st_floor_3,shop1,7
rect,#material,st_floor_4,apartment1_1st_floor,7
rect,#material,st_floor_4,apartment1_1st_floor_busy,7
rect,#material,st_floor_4,apartment1_1st_floor_empty,7
rect,#material,st_floor_4,apartment1_1st_floor_really_empty,7
rect,#material,st_floor_4,empty,7
rect,#material,st_floor_4,house,7
rect,#material,st_floor_4,shop1,7
rect,#mesh,alpha_blend,1,2
rect,#mesh,alpha_blend,1: penetrability = 0.9,2
rect,#mesh,collision_model_offset,0 0 0,2
rect,#mesh,collision_model_offset,0 8.6 0,2
rect,#mesh,collision_model_size,,6
rect,#mesh,collision_model_size,1.6 5 1.6,6
rect,#mesh,collision_model_size,12 6 3,6
rect,#mesh,collision_model_size,14 6 3,6
rect,#mesh,collision_model_size,14.5 7.0 3.5,6
rect,#mesh,collision_model_size,3.0 0.2 1.5,6
rect,#mesh,collision_model_type,-1,3
rect,#mesh,collision_model_type,0,3
rect,#mesh,collision_model_type,1,3
rect,#mesh,mesh_name,bowling.mesh,3
rect,#mesh,mesh_name,container.mesh,3
rect,#mesh,mesh_name,ruins2.mesh,3
rect,#mesh,name,bowling,3
rect,#mesh,name,plank,3
rect,#mesh,name,ruins_1,3
rect,#mesh,offset,0 -0.0 0,11
rect,#mesh,offset,0 -0.3 0,11
rect,#mesh,offset,0 -0.4 0,11
rect,#mesh,offset,0 -0.6 0,11
rect,#mesh,offset,0 -1 0,11
rect,#mesh,offset,0 -1.0 0,11
rect,#mesh,offset,0 -1.6 0,11
rect,#mesh,offset,0 -1.9 0,11
rect,#mesh,offset,0 0 0,11
rect,#mesh,offset,0 3 0,11
rect,#mesh,offset,1 -1 0,11
rect,#mesh,see_through,1,1
rect,#mesh,template,armory,67
rect,#mesh,template,barell_blue,67
rect,#mesh,template,barell_green,67
rect,#mesh,template,barell_red,67
rect,#mesh,template,bench,67
rect,#mesh,template,buddha,67
rect,#mesh,template,bush0,67
rect,#mesh,template,bush1,67
rect,#mesh,template,bush2,67
rect,#mesh,template,bush3,67
rect,#mesh,template,bush3_1,67
rect,#mesh,template,bush4,67
rect,#mesh,template,bush5,67
rect,#mesh,template,camonet,67
rect,#mesh,template,chairset_chair,67
rect,#mesh,template,chairset_table,67
rect,#mesh,template,church,67
rect,#mesh,template,concrete_barrier,67
rect,#mesh,template,container_blue,67
rect,#mesh,template,container_green,67
rect,#mesh,template,container_red,67
rect,#mesh,template,crate_medical,67
rect,#mesh,template,enclosure,67
rect,#mesh,template,enclosure_a,67
rect,#mesh,template,gas_tank,67
rect,#mesh,template,hedgehog,67
rect,#mesh,template,obelisk,67
rect,#mesh,template,palmtree_2,67
rect,#mesh,template,parasol_blue,67
rect,#mesh,template,parasol_green,67
rect,#mesh,template,parasol_red,67
rect,#mesh,template,parasol_yellow,67
rect,#mesh,template,pickup_broken,67
rect,#mesh,template,pipe,67
rect,#mesh,template,"rock_,m2",67
rect,#mesh,template,rock_b1,67
rect,#mesh,template,rock_b4,67
rect,#mesh,template,rock_h1,67
rect,#mesh,template,rock_h3,67
rect,#mesh,template,rock_m1,67
rect,#mesh,template,rock_s2,67
rect,#mesh,template,rock_s4,67
rect,#mesh,template,streetlantern,67
rect,#mesh,template,streetlight,67
rect,#mesh,template,sunchair_blue,67
rect,#mesh,template,sunchair_green,67
rect,#mesh,template,sunchair_red,67
rect,#mesh,template,sunchair_yellow,67
rect,#mesh,template,tent,67
rect,#mesh,template,tropical_plant_01,67
rect,#mesh,template,tropical_plant_02,67
rect,#mesh,template,tropical_plant_03,67
rect,#mesh,template,tropical_plant_04,67
rect,#mesh,template,tropical_plant_05,67
rect,#mesh,template,tropical_plant_06,67
rect,#mesh,template,tropical_plant_07,67
rect,#mesh,template,tropical_plant_08,67
rect,#mesh,template,tropical_plant_09,67
rect,#mesh,template,tropical_plant_10,67
rect,#mesh,template,tropical_plant_11,67
rect,#mesh,template,tropical_plant_12,67
rect,#mesh,template,tropical_plant_13,67
rect,#mesh,template,ventilator,67
rect,#mesh,template,venus,67
rect,#mesh,template,weapon_rack,67
rect,#mesh,template,windmill,67
rect,#mesh,template,world_statue,67
rect,#mesh,texture0,alpha.png,2
rect,#mesh,texture0,world_atlas1.png,2
rect,#mesh,texture0_atlas_cell,1 1 64 64,2
rect,#mesh,texture0_atlas_cell,4 2 8 8,2
rect,#mesh,visual_offset,0 0 0,2
rect,#mesh,visual_offset,0 3 0,2
rect,#mesh,walkable,0,2
rect,#mesh,walkable,1,2
rect,#mesh_template,alpha_blend,1,1
rect,#mesh_template,alpha_blend0,0,1
rect,#mesh_template,alpha_blend1,1,1
rect,#mesh_template,appear_as_wall,1,1
rect,#mesh_template,backline,1,1
rect,#mesh_template,base_template,rock_s1,2
rect,#mesh_template,base_template,sunchair_red,2
rect,#mesh_template,collision_model_offset,0 0 -.8,1
rect,#mesh_template,collision_model_size,.3 4 .3,31
rect,#mesh_template,collision_model_size,.3 7 .3,31
rect,#mesh_template,collision_model_size,0.1 2.0 0.1,31
rect,#mesh_template,collision_model_size,0.4 10.0 0.4,31
rect,#mesh_template,collision_model_size,0.4 8.5 0.4,31
rect,#mesh_template,collision_model_size,1 1.2 3.7,31
rect,#mesh_template,collision_model_size,1.0 0.7 0.7,31
rect,#mesh_template,collision_model_size,1.0 0.9 1.7,31
rect,#mesh_template,collision_model_size,1.0 16 1.0,31
rect,#mesh_template,collision_model_size,1.10 1.10 2.3,31
rect,#mesh_template,collision_model_size,1.2 0.3 1.2,31
rect,#mesh_template,collision_model_size,1.2 1.2 1.2,31
rect,#mesh_template,collision_model_size,1.2 1.4 1.2,31
rect,#mesh_template,collision_model_size,1.3 1.5 1.6,31
rect,#mesh_template,collision_model_size,1.3 1.85 0.6,31
rect,#mesh_template,collision_model_size,1.6 1.15 2.1,31
rect,#mesh_template,collision_model_size,1.6 2 1.6,31
rect,#mesh_template,collision_model_size,1.8 0.9 1.9,31
rect,#mesh_template,collision_model_size,1.8 0.95 1.7,31
rect,#mesh_template,collision_model_size,10 18.0 15,31
rect,#mesh_template,collision_model_size,2 8 2,31
rect,#mesh_template,collision_model_size,2.3 1.5 2.4,31
rect,#mesh_template,collision_model_size,2.5 1.0 2.8,31
rect,#mesh_template,collision_model_size,2.5 1.1 3.6,31
rect,#mesh_template,collision_model_size,2.5 1.3 2.5,31
rect,#mesh_template,collision_model_size,3.2 1.8 3.8,31
rect,#mesh_template,collision_model_size,3.4 1.8 3.3,31
rect,#mesh_template,collision_model_size,4.0 1.6 5.0,31
rect,#mesh_template,collision_model_size,5.0 2.4 4.7,31
rect,#mesh_template,collision_model_size,6.0 3.0 3.0,31
rect,#mesh_template,collision_model_size,7.5 8.0 7.5,31
rect,#mesh_template,collision_model_type,-1,3
rect,#mesh_template,collision_model_type,0,3
rect,#mesh_template,collision_model_type,1,3
rect,#mesh_template,grass,1,1
rect,#mesh_template,mesh_name,barell.mesh,55
rect,#mesh_template,mesh_name,bench.mesh,55
rect,#mesh_template,mesh_name,buddha_statue.mesh,55
rect,#mesh_template,mesh_name,bush0.mesh,55
rect,#mesh_template,mesh_name,bush1.mesh,55
rect,#mesh_template,mesh_name,bush2.mesh,55
rect,#mesh_template,mesh_name,bush3.mesh,55
rect,#mesh_template,mesh_name,bush3_1.mesh,55
rect,#mesh_template,mesh_name,bush4.mesh,55
rect,#mesh_template,mesh_name,bush5.mesh,55
rect,#mesh_template,mesh_name,chairset_chair.mesh,55
rect,#mesh_template,mesh_name,chairset_table.mesh,55
rect,#mesh_template,mesh_name,church.mesh,55
rect,#mesh_template,mesh_name,concrete_barrier.mesh,55
rect,#mesh_template,mesh_name,container.mesh,55
rect,#mesh_template,mesh_name,enclosure.mesh,55
rect,#mesh_template,mesh_name,hedgehog.mesh,55
rect,#mesh_template,mesh_name,obelisk.mesh,55
rect,#mesh_template,mesh_name,palmtree_1.mesh,55
rect,#mesh_template,mesh_name,parasol.mesh,55
rect,#mesh_template,mesh_name,post1_3.mesh,55
rect,#mesh_template,mesh_name,post1_4.mesh,55
rect,#mesh_template,mesh_name,rock_b1.mesh,55
rect,#mesh_template,mesh_name,rock_b2.mesh,55
rect,#mesh_template,mesh_name,rock_b3.mesh,55
rect,#mesh_template,mesh_name,rock_b4.mesh,55
rect,#mesh_template,mesh_name,rock_h3.mesh,55
rect,#mesh_template,mesh_name,rock_m1.mesh,55
rect,#mesh_template,mesh_name,rock_m2.mesh,55
rect,#mesh_template,mesh_name,rock_m3.mesh,55
rect,#mesh_template,mesh_name,rock_m4.mesh,55
rect,#mesh_template,mesh_name,rock_s2.mesh,55
rect,#mesh_template,mesh_name,rock_s3.mesh,55
rect,#mesh_template,mesh_name,rock_s4.mesh,55
rect,#mesh_template,mesh_name,stone_1.mesh,55
rect,#mesh_template,mesh_name,stone_2.mesh,55
rect,#mesh_template,mesh_name,stone_3.mesh,55
rect,#mesh_template,mesh_name,stone_4.mesh,55
rect,#mesh_template,mesh_name,stone_5.mesh,55
rect,#mesh_template,mesh_name,streetlight.mesh,55
rect,#mesh_template,mesh_name,sunchair.mesh,55
rect,#mesh_template,mesh_name,tropical_plant_01.mesh,55
rect,#mesh_template,mesh_name,tropical_plant_02.mesh,55
rect,#mesh_template,mesh_name,tropical_plant_03.mesh,55
rect,#mesh_template,mesh_name,tropical_plant_04.mesh,55
rect,#mesh_template,mesh_name,tropical_plant_05.mesh,55
rect,#mesh_template,mesh_name,tropical_plant_06.mesh,55
rect,#mesh_template,mesh_name,tropical_plant_07.mesh,55
rect,#mesh_template,mesh_name,tropical_plant_08.mesh,55
rect,#mesh_template,mesh_name,tropical_plant_09.mesh,55
rect,#mesh_template,mesh_name,tropical_plant_10.mesh,55
rect,#mesh_template,mesh_name,tropical_plant_11.mesh,55
rect,#mesh_template,mesh_name,tropical_plant_12.mesh,55
rect,#mesh_template,mesh_name,windmill.mesh,55
rect,#mesh_template,mesh_name,world_statue.mesh,55
rect,#mesh_template,name,barell_blue,64
rect,#mesh_template,name,barell_green,64
rect,#mesh_template,name,barell_red,64
rect,#mesh_template,name,bench,64
rect,#mesh_template,name,buddha,64
rect,#mesh_template,name,bush0,64
rect,#mesh_template,name,bush1,64
rect,#mesh_template,name,bush2,64
rect,#mesh_template,name,bush3,64
rect,#mesh_template,name,bush3_1,64
rect,#mesh_template,name,bush4,64
rect,#mesh_template,name,bush5,64
rect,#mesh_template,name,chairset_chair,64
rect,#mesh_template,name,chairset_table,64
rect,#mesh_template,name,church,64
rect,#mesh_template,name,concrete_barrier,64
rect,#mesh_template,name,container_blue,64
rect,#mesh_template,name,container_green,64
rect,#mesh_template,name,container_red,64
rect,#mesh_template,name,enclosure,64
rect,#mesh_template,name,hedgehog,64
rect,#mesh_template,name,obelisk,64
rect,#mesh_template,name,palmtree_1,64
rect,#mesh_template,name,parasol_green,64
rect,#mesh_template,name,parasol_red,64
rect,#mesh_template,name,parasol_yellow,64
rect,#mesh_template,name,post1_3,64
rect,#mesh_template,name,post1_4,64
rect,#mesh_template,name,rock_b1,64
rect,#mesh_template,name,rock_b2,64
rect,#mesh_template,name,rock_b3,64
rect,#mesh_template,name,rock_b4,64
rect,#mesh_template,name,rock_h3,64
rect,#mesh_template,name,rock_m1,64
rect,#mesh_template,name,rock_m2,64
rect,#mesh_template,name,rock_m3,64
rect,#mesh_template,name,rock_m4,64
rect,#mesh_template,name,rock_s2,64
rect,#mesh_template,name,rock_s3,64
rect,#mesh_template,name,rock_s4,64
rect,#mesh_template,name,stone_1,64
rect,#mesh_template,name,stone_2,64
rect,#mesh_template,name,stone_3,64
rect,#mesh_template,name,stone_4,64
rect,#mesh_template,name,stone_5,64
rect,#mesh_template,name,streetlight,64
rect,#mesh_template,name,sunchair_blue,64
rect,#mesh_template,name,sunchair_green,64
rect,#mesh_template,name,sunchair_red,64
rect,#mesh_template,name,sunchair_yellow,64
rect,#mesh_template,name,tropical_plant_01,64
rect,#mesh_template,name,tropical_plant_02,64
rect,#mesh_template,name,tropical_plant_03,64
rect,#mesh_template,name,tropical_plant_04,64
rect,#mesh_template,name,tropical_plant_05,64
rect,#mesh_template,name,tropical_plant_06,64
rect,#mesh_template,name,tropical_plant_07,64
rect,#mesh_template,name,tropical_plant_08,64
rect,#mesh_template,name,tropical_plant_09,64
rect,#mesh_template,name,tropical_plant_10,64
rect,#mesh_template,name,tropical_plant_11,64
rect,#mesh_template,name,tropical_plant_12,64
rect,#mesh_template,name,windmill,64
rect,#mesh_template,name,world_statue,64
rect,#mesh_template,penetrability,0.2,5
rect,#mesh_template,penetrability,0.4,5
rect,#mesh_template,penetrability,0.5,5
rect,#mesh_template,penetrability,0.7,5
rect,#mesh_template,penetrability,0.9,5
rect,#mesh_template,see_through,1,1
rect,#mesh_template,static_object_type_key,fuel_barrel.static_object,3
rect,#mesh_template,static_object_type_key,parasol.static_object,3
rect,#mesh_template,static_object_type_key,sunchair.static_object,3
rect,#mesh_template,texture0,bushes_atlas.png,4
rect,#mesh_template,texture0,church.png,4
rect,#mesh_template,texture0,tropical_plants_atlas.png,4
rect,#mesh_template,texture0,world_atlas1.png,4
rect,#mesh_template,texture0_atlas_cell,0 0 128 128,23
rect,#mesh_template,texture0_atlas_cell,0 1 128 128,23
rect,#mesh_template,texture0_atlas_cell,0 3 4 4,23
rect,#mesh_template,texture0_atlas_cell,0 4 16 8,23
rect,#mesh_template,texture0_atlas_cell,1 1 128 128,23
rect,#mesh_template,texture0_atlas_cell,1 3 4 4,23
rect,#mesh_template,texture0_atlas_cell,1 8 16 16,23
rect,#mesh_template,texture0_atlas_cell,10 16 32 32,23
rect,#mesh_template,texture0_atlas_cell,11 16 32 32,23
rect,#mesh_template,texture0_atlas_cell,2 1 8 8,23
rect,#mesh_template,texture0_atlas_cell,2 2 16 32,23
rect,#mesh_template,texture0_atlas_cell,4 0 16 16,23
rect,#mesh_template,texture0_atlas_cell,4 1 32 32,23
rect,#mesh_template,texture0_atlas_cell,4 3 32 32,23
rect,#mesh_template,texture0_atlas_cell,5 0 32 32,23
rect,#mesh_template,texture0_atlas_cell,5 1 32 32,23
rect,#mesh_template,texture0_atlas_cell,6 0 32 32,23
rect,#mesh_template,texture0_atlas_cell,6 1 32 32,23
rect,#mesh_template,texture0_atlas_cell,7 0 32 32,23
rect,#mesh_template,texture0_atlas_cell,7 0 64 64,23
rect,#mesh_template,texture0_atlas_cell,7 1 32 32,23
rect,#mesh_template,texture0_atlas_cell,8 16 32 32,23
rect,#mesh_template,texture0_atlas_cell,9 16 32 32,23
rect,#mesh_template,texture0_rect,0 0.125 0.125 0.3125,4
rect,#mesh_template,texture0_rect,0 0.3125 0.125 0.5,4
rect,#mesh_template,texture0_rect,0.125 0.125 0.25 0.3125,4
rect,#mesh_template,texture0_rect,0.75 0.03125 0.875 0.125,4
rect,#mesh_template,texture1,world_atlas1.png,1
rect,#mesh_template,visual_hitbox_offset,,2
rect,#mesh_template,visual_hitbox_offset,0 0 0,2
rect,#mesh_template,visual_hitbox_size,2 2 2,2
rect,#mesh_template,visual_hitbox_size,3.5 14 3.5,2
rect,#mesh_template,walkable,0,2
rect,#mesh_template,walkable,1,2
rect,#rect10726,template,parking_line,1
rect,#rect10748,height,3.0,1
rect,#rect10748,merge,1,1
rect,#rect10748,name,flower,6
rect,#rect10748,name,manhole,6
rect,#rect10748,name,pavement1,6
rect,#rect10748,name,pavement_tile1,6
rect,#rect10748,name,roof_tile1,6
rect,#rect10748,name,tree_ground_base1,6
rect,#rect10748,template,RuinWall1,8
rect,#rect10748,template,clover,8
rect,#rect10748,template,flower,8
rect,#rect10748,template,manhole,8
rect,#rect10748,template,pavement1,8
rect,#rect10748,template,pavement_tile1,8
rect,#rect10748,template,pickup_broken,8
rect,#rect10748,template,roof_tile1,8
rect,#rect10748,texture0,decal_decoration_atlas.png,1
rect,#rect10748,texture0_atlas_cell,0 0 32 32 0 0,5
rect,#rect10748,texture0_atlas_cell,3 2 4 4,5
rect,#rect10748,texture0_atlas_cell,3 3 4 4,5
rect,#rect10748,texture0_atlas_cell,4 7 8 8,5
rect,#rect10748,texture0_atlas_cell,5 6 8 8,5
rect,#rect10970,template,roadline,1
rect,#rect11324_base,capturable,0,1
rect,#rect11324_base,faction_index,0,2
rect,#rect11324_base,faction_index,1,2
rect,#rect11324_base,name,Church,10
rect,#rect11324_base,name,Docks,10
rect,#rect11324_base,name,East Beach,10
rect,#rect11324_base,name,East farm,10
rect,#rect11324_base,name,East town,10
rect,#rect11324_base,name,Ranch,10
rect,#rect11324_base,name,Shop lane,10
rect,#rect11324_base,name,Villa,10
rect,#rect11324_base,name,West End,10
rect,#rect11324_base,name,West end,10
rect,#rect14879,name,cracks_1,7
rect,#rect14879,name,cracks_2,7
rect,#rect14879,name,cracks_3,7
rect,#rect14879,name,cracks_4,7
rect,#rect14879,name,cracks_5,7
rect,#rect14879,name,cracks_6,7
rect,#rect14879,name,cracks_7,7
rect,#rect14879,template,cracks_1,7
rect,#rect14879,template,cracks_2,7
rect,#rect14879,template,cracks_3,7
rect,#rect14879,template,cracks_4,7
rect,#rect14879,template,cracks_5,7
rect,#rect14879,template,cracks_6,7
rect,#rect14879,template,cracks_7,7
rect,#rect14879,texture0,decal_decoration_atlas.png,1
rect,#rect14879,texture0_atlas_cell,0 6 8 8,7
rect,#rect14879,texture0_atlas_cell,0 7 8 8,7
rect,#rect14879,texture0_atlas_cell,1 6 8 8,7
rect,#rect14879,texture0_atlas_cell,1 7 8 8,7
rect,#rect14879,texture0_atlas_cell,2 6 8 8,7
rect,#rect14879,texture0_atlas_cell,2 7 8 8,7
rect,#rect14879,texture0_atlas_cell,3 7 8 8,7
rect,#rect30343,step,0.8,1
rect,#rect36349,template,weapon_rack,1
rect,#rect4003,height,3,2
rect,#rect4003,height,8,2
rect,#rect6406,height,1,7
rect,#rect6406,height,2,7
rect,#rect6406,height,4,7
rect,#rect6406,height,5,7
rect,#rect6406,height,6,7
rect,#rect6406,height,7,7
rect,#rect6406,height,8,7
rect,#rect6406,material,BuildingHouse,16
rect,#rect6406,material,BuildingRoofStory1,16
rect,#rect6406,material,BuildingShop1,16
rect,#rect6406,material,BuildingShop1End,16
rect,#rect6406,material,BuildingShop2,16
rect,#rect6406,material,BuildingVilla,16
rect,#rect6406,material,BuildingWhite1,16
rect,#rect6406,material,BuildingWhite1Brick,16
rect,#rect6406,material,BuildingWhite1Busy,16
rect,#rect6406,material,BuildingWhite1Empty1stFloor,16
rect,#rect6406,material,BuildingWhite2,16
rect,#rect6406,material,BuildingWhite2RoofStory1,16
rect,#rect6406,material,BuildingWhite3,16
rect,#rect6406,material,BuildingWhite3Busy,16
rect,#rect6406,material,BuildingWhite3RoofStory1,16
rect,#rect6406,material,BuildingWhite4,16
rect,#rect6406,offset,0 +0.05 0,25
rect,#rect6406,offset,0 +0.1 0,25
rect,#rect6406,offset,0 +0.15 0,25
rect,#rect6406,offset,0 +0.2 0,25
rect,#rect6406,offset,0 -0.02 0,25
rect,#rect6406,offset,0 -0.05 0,25
rect,#rect6406,offset,0 -0.1 0,25
rect,#rect6406,offset,0 -0.15 0,25
rect,#rect6406,offset,0 -0.2 0,25
rect,#rect6406,offset,0 -0.25 0,25
rect,#rect6406,offset,0 -0.3 0,25
rect,#rect6406,offset,0 -0.4 0,25
rect,#rect6406,offset,0 -0.5 0,25
rect,#rect6406,offset,0 -0.7 0,25
rect,#rect6406,offset,0 -1 0,25
rect,#rect6406,offset,0 .1 0,25
rect,#rect6406,offset,0 0.0 0,25
rect,#rect6406,offset,0 0.02 0,25
rect,#rect6406,offset,0 0.025 0,25
rect,#rect6406,offset,0 0.05 0,25
rect,#rect6406,offset,0 0.1 0,25
rect,#rect6406,offset,0 0.1 0.0,25
rect,#rect6406,offset,0 0.15 0,25
rect,#rect6406,offset,0 0.2 0,25
rect,#rect6406,offset,0 0.25 0,25
rect,#rect6406,roof_color_variance,0 0 0,1
rect,#rect6406,roof_type,flat,1
rect,#rect9252,template,parking_line,1
rect,#rect9745,name,burned_ground,1
rect,#rect9745,template,cracks_1,7
rect,#rect9745,template,cracks_2,7
rect,#rect9745,template,cracks_3,7
rect,#rect9745,template,cracks_4,7
rect,#rect9745,template,cracks_5,7
rect,#rect9745,template,cracks_6,7
rect,#rect9745,template,cracks_7,7
rect,#rect9745,texture0,decal_decoration_atlas.png,1
rect,#rect9745,texture0_atlas_cell,0 1 4 4,1
rect,#sign,mode,stand,1
rect,#sign,penetrability,0.5,1
rect,#sign,rect,0.000 0.000 0.252 0.075,23
rect,#sign,rect,0.000 0.077 0.594 0.166,23
rect,#sign,rect,0.000 0.168 0.511 0.251,23
rect,#sign,rect,0.000 0.255 0.417 0.341,23
rect,#sign,rect,0.000 0.343 0.463 0.412,23
rect,#sign,rect,0.000 0.414 0.448 0.493,23
rect,#sign,rect,0.000 0.495 0.304 0.558,23
rect,#sign,rect,0.000 0.563 0.270 0.623,23
rect,#sign,rect,0.000 0.625 0.470 0.684,23
rect,#sign,rect,0.000 0.688 0.443 0.751,23
rect,#sign,rect,0.000 0.753 0.307 0.818,23
rect,#sign,rect,0.000 0.820 0.490 0.907,23
rect,#sign,rect,0.309 0.499 0.497 0.618,23
rect,#sign,rect,0.480 0.648 0.999 0.763,23
rect,#sign,rect,0.492 0.347 0.999 0.455,23
rect,#sign,rect,0.493 0.002 0.999 0.075,23
rect,#sign,rect,0.506 0.458 0.998 0.541,23
rect,#sign,rect,0.511 0.259 1.000 0.346,23
rect,#sign,rect,0.637 0.188 1.000 0.256,23
rect,#sign,rect,0.656 0.081 0.832 0.180,23
rect,#sign,rect,0.662 0.547 0.996 0.641,23
rect,#sign,rect,0.838 0.101 0.999 0.183,23
rect,#sign,rect,0.838 0.101 1.000 0.184,23
rect,#sign,texture,signs.png,1
rect,#spawn1,key,gas_tank.vehicle,1
rect,#spawn1,type,vehicle,1
rect,#spawn2,key,gas_tank.vehicle,1
rect,#spawn2,type,vehicle,1
rect,#spawn3,key,gas_tank.vehicle,1
rect,#spawn3,type,vehicle,1
rect,#spawn4,key,gas_tank.vehicle,1
rect,#spawn4,type,vehicle,1
rect,#spawn5,key,gas_tank.vehicle,1
rect,#spawn5,type,vehicle,1
rect,#spawnrect10748,key,special_crate_wood1.vehicle,1
rect,#spawnrect10748,type,vehicle,1
rect,#surface_config,color,0.14 0.14 0.14,5
rect,#surface_config,color,0.23 0.23 0.23,5
rect,#surface_config,color,0.23 0.26 0.23,5
rect,#surface_config,color,0.32 0.32 0.32,5
rect,#surface_config,color,fill,5
rect,#surface_config,drag,0.15,1
rect,#surface_config,friction,0.15,5
rect,#surface_config,friction,0.18,5
rect,#surface_config,friction,0.2,5
rect,#surface_config,friction,0.25,5
rect,#surface_config,friction,0.3,5
rect,#surface_config,index,1,6
rect,#surface_config,index,2,6
rect,#surface_config,index,3,6
rect,#surface_config,index,4,6
rect,#surface_config,index,5,6
rect,#surface_config,index,6,6
rect,#surface_config,step_dust_size,0.8,1
rect,#surface_config,step_sound,18,15
rect,#surface_config,step_sound,19,15
rect,#surface_config,step_sound,20,15
rect,#surface_config,step_sound,21,15
rect,#surface_config,step_sound,22,15
rect,#surface_config,step_sound,23,15
rect,#surface_config,step_sound,24,15
rect,#surface_config,step_sound,25,15
rect,#surface_config,step_sound,26,15
rect,#surface_config,step_sound,27,15
rect,#surface_config,step_sound,29,15
rect,#surface_config,step_sound,30,15
rect,#surface_config,step_sound,31,15
rect,#surface_config,step_sound,32,15
rect,#surface_config,step_sound,33,15
rect,#surface_config,step_sound_volume,0.14,3
rect,#surface_config,step_sound_volume,0.245,3
rect,#surface_config,step_sound_volume,0.256,3
rect,#surface_config,tag,dirt,2
rect,#surface_config,tag,road,2
rect,#terrain_layer,alpha,terrain5_alpha_asphalt.png,3
rect,#terrain_layer,alpha,terrain5_alpha_grass.png,3
rect,#terrain_layer,alpha,terrain5_alpha_road.png,3
rect,#terrain_layer,auto_decoration_density,0.05,2
rect,#terrain_layer,auto_decoration_density,0.6,2
rect,#terrain_layer,auto_decoration_multiplier,4,1
rect,#terrain_layer,auto_decoration_size,0.15,2
rect,#terrain_layer,auto_decoration_size,0.5,2
rect,#terrain_layer,auto_decoration_texture,ground_decoration.png,1
rect,#terrain_layer,auto_decoration_texture_atlas_cell,0 0 2 2,4
rect,#terrain_layer,auto_decoration_texture_atlas_cell,0 1 2 2,4
rect,#terrain_layer,auto_decoration_texture_atlas_cell,1 0 2 2,4
rect,#terrain_layer,auto_decoration_texture_atlas_cell,1 1 2 2,4
rect,#terrain_layer,index,0,4
rect,#terrain_layer,index,2,4
rect,#terrain_layer,index,3,4
rect,#terrain_layer,index,4,4
rect,#terrain_layer,outline,1,1
rect,#terrain_layer,outline_color,fill,1
rect,#terrain_layer,scale,0.01 0.01,3
rect,#terrain_layer,scale,0.015 0.015,3
rect,#terrain_layer,scale,0.02 0.02,3
rect,#terrain_layer,texture,asphalt.png,4
rect,#terrain_layer,texture,dirt.png,4
rect,#terrain_layer,texture,grass.png,4
rect,#terrain_layer,texture,road.png,4
rect,#wall_template,climb_type,1,1
rect,#wall_template,climbable,0,2
rect,#wall_template,climbable,1,2
rect,#wall_template,color,#6f6555,6
rect,#wall_template,color,#808080,6
rect,#wall_template,color,#dadada,6
rect,#wall_template,color,1.0 1.0 1.0 1.0,6
rect,#wall_template,color,fill,6
rect,#wall_template,color,stroke,6
rect,#wall_template,depth,-1.0,7
rect,#wall_template,depth,0.2,7
rect,#wall_template,depth,0.4,7
rect,#wall_template,depth,0.6,7
rect,#wall_template,depth,0.7,7
rect,#wall_template,depth,0.8,7
rect,#wall_template,depth,1.2,7
rect,#wall_template,hack1,1,1
rect,#wall_template,height,0.0,6
rect,#wall_template,height,1.1,6
rect,#wall_template,height,1.2,6
rect,#wall_template,height,1.3,6
rect,#wall_template,height,2.5,6
rect,#wall_template,height,3.0,6
rect,#wall_template,name,BrickWall1,19
rect,#wall_template,name,BrickWall2,19
rect,#wall_template,name,BrickWall3,19
rect,#wall_template,name,ChurchWall1,19
rect,#wall_template,name,CliffWall2,19
rect,#wall_template,name,DummyWall1,19
rect,#wall_template,name,FarmFence1,19
rect,#wall_template,name,FarmFence2,19
rect,#wall_template,name,GardenWall1,19
rect,#wall_template,name,InvisibleWall1,19
rect,#wall_template,name,PlatformFence1,19
rect,#wall_template,name,PlatformFence2,19
rect,#wall_template,name,RuinWall1,19
rect,#wall_template,name,RuinWall2,19
rect,#wall_template,name,SandbagWall1,19
rect,#wall_template,name,SecurityFence1,19
rect,#wall_template,name,SidePanelWall1,19
rect,#wall_template,name,StoneWall1,19
rect,#wall_template,name,StoneWallCastle1,19
rect,#wall_template,penetrability,0,4
rect,#wall_template,penetrability,0.0,4
rect,#wall_template,penetrability,0.7,4
rect,#wall_template,penetrability,1.0,4
rect,#wall_template,see_through,0,2
rect,#wall_template,see_through,1,2
rect,#wall_template,separator_color,#6f6555,7
rect,#wall_template,separator_color,#808080,7
rect,#wall_template,separator_color,#938c7d,7
rect,#wall_template,separator_color,#dadada,7
rect,#wall_template,separator_color,1.0 1.0 1.0 1.0,7
rect,#wall_template,separator_color,fill,7
rect,#wall_template,separator_color,stroke,7
rect,#wall_template,separator_depth,0.0,6
rect,#wall_template,separator_depth,0.15,6
rect,#wall_template,separator_depth,0.2,6
rect,#wall_template,separator_depth,0.5,6
rect,#wall_template,separator_depth,0.7,6
rect,#wall_template,separator_depth,0.8,6
rect,#wall_template,separator_over_height,0.0,4
rect,#wall_template,separator_over_height,0.2,4
rect,#wall_template,separator_over_height,0.3,4
rect,#wall_template,separator_over_height,0.4,4
rect,#wall_template,separator_side_texture,none,2
rect,#wall_template,separator_side_texture,wall_atlas1.png,2
rect,#wall_template,separator_side_texture_atlas_cell,0 3 8 8 0.0078125,8
rect,#wall_template,separator_side_texture_atlas_cell,2 0 8 8 0.0078125,8
rect,#wall_template,separator_side_texture_atlas_cell,2 0 8 8 0.0078125 0.0078125,8
rect,#wall_template,separator_side_texture_atlas_cell,2 1 4 4 0.015625 0.015625,8
rect,#wall_template,separator_side_texture_atlas_cell,2 1 4 4 0.03125 0.015625,8
rect,#wall_template,separator_side_texture_atlas_cell,2 1 8 8 0.0078125 0.0078125,8
rect,#wall_template,separator_side_texture_atlas_cell,6 3 16 8 0.015625 0.0078125,8
rect,#wall_template,separator_side_texture_atlas_cell,6 3 8 4 0.03125 0.015625,8
rect,#wall_template,separator_side_texture_scale,0.15 1.0,7
rect,#wall_template,separator_side_texture_scale,0.2 1.0,7
rect,#wall_template,separator_side_texture_scale,0.6 2.65,7
rect,#wall_template,separator_side_texture_scale,0.8 1.0,7
rect,#wall_template,separator_side_texture_scale,1.0 1.0,7
rect,#wall_template,separator_side_texture_scale,2.0 2.0,7
rect,#wall_template,separator_side_texture_scale,3 3,7
rect,#wall_template,separator_texture_scale,3 3,1
rect,#wall_template,separator_top_texture,none,2
rect,#wall_template,separator_top_texture,wall_atlas1.png,2
rect,#wall_template,separator_top_texture_atlas_cell,0 3 8 8 0.0078125,8
rect,#wall_template,separator_top_texture_atlas_cell,2 1 4 4 0.015625 0.015625,8
rect,#wall_template,separator_top_texture_atlas_cell,2 1 4 4 0.03125 0.03125,8
rect,#wall_template,separator_top_texture_atlas_cell,2 1 8 8 0.0078125 0.0078125,8
rect,#wall_template,separator_top_texture_atlas_cell,2 4 8 16 0.0078125 0.015625,8
rect,#wall_template,separator_top_texture_atlas_cell,6 5 16 16 0.015625,8
rect,#wall_template,separator_top_texture_atlas_cell,6 5 16 16 0.015625 0.015625,8
rect,#wall_template,separator_top_texture_atlas_cell,6 5 8 8 0.03125 0.03125,8
rect,#wall_template,separator_top_texture_scale,0.15 1.0,8
rect,#wall_template,separator_top_texture_scale,0.2 1.0,8
rect,#wall_template,separator_top_texture_scale,0.5 0.5,8
rect,#wall_template,separator_top_texture_scale,0.6 0.6,8
rect,#wall_template,separator_top_texture_scale,0.8 1.0,8
rect,#wall_template,separator_top_texture_scale,1.0 1.0,8
rect,#wall_template,separator_top_texture_scale,2.0 1.0,8
rect,#wall_template,separator_top_texture_scale,3 3,8
rect,#wall_template,side_cutout_texture,cutout.png,1
rect,#wall_template,side_cutout_texture_channel,1,2
rect,#wall_template,side_cutout_texture_channel,2,2
rect,#wall_template,side_cutout_texture_scale,10 10,5
rect,#wall_template,side_cutout_texture_scale,15 15,5
rect,#wall_template,side_cutout_texture_scale,25 25,5
rect,#wall_template,side_cutout_texture_scale,30 30,5
rect,#wall_template,side_cutout_texture_scale,40 8,5
rect,#wall_template,side_texture,fence_atlas1.png,3
rect,#wall_template,side_texture,none,3
rect,#wall_template,side_texture,wall_atlas1.png,3
rect,#wall_template,side_texture_atlas_cell,0 0 4 4 0.015625,10
rect,#wall_template,side_texture_atlas_cell,0 0 8 8 0.0078125,10
rect,#wall_template,side_texture_atlas_cell,0 1 4 4 0.015625,10
rect,#wall_template,side_texture_atlas_cell,0 1 8 8 0.0078125 0.0078125,10
rect,#wall_template,side_texture_atlas_cell,0 3 8 8 0.0078125,10
rect,#wall_template,side_texture_atlas_cell,1 0 4 4 0.015625,10
rect,#wall_template,side_texture_atlas_cell,1 0 8 8 0.0078125,10
rect,#wall_template,side_texture_atlas_cell,1 1 2 2,10
rect,#wall_template,side_texture_atlas_cell,2 0 4 4 0.015625,10
rect,#wall_template,side_texture_atlas_cell,2 0 8 8 0.0078125,10
rect,#wall_template,side_texture_scale,1.2 1.2,8
rect,#wall_template,side_texture_scale,1.25 1.25,8
rect,#wall_template,side_texture_scale,2.0 1.25,8
rect,#wall_template,side_texture_scale,2.0 2.0,8
rect,#wall_template,side_texture_scale,2.65 2.65,8
rect,#wall_template,side_texture_scale,3.0 3.0,8
rect,#wall_template,side_texture_scale,4.0 4.0,8
rect,#wall_template,side_texture_scale,6.0 6.0,8
rect,#wall_template,static_object_type_key,security_fence.static_object,2
rect,#wall_template,static_object_type_key,wood_fence.static_object,2
rect,#wall_template,top_texture,wall_atlas1.png,1
rect,#wall_template,top_texture_atlas_cell,0 3 8 8 0.0078125,5
rect,#wall_template,top_texture_atlas_cell,0 4 4 8 0.015625 0.03125,5
rect,#wall_template,top_texture_atlas_cell,0 4 8 16 0.0078125 0.015625,5
rect,#wall_template,top_texture_atlas_cell,1 8 8 16 0.0078125 0.015625,5
rect,#wall_template,top_texture_atlas_cell,2 4 8 16 0.0078125 0.015625,5
rect,#wall_template,top_texture_scale,2.0 0.4,7
rect,#wall_template,top_texture_scale,2.0 1.0,7
rect,#wall_template,top_texture_scale,2.0 2.0,7
rect,#wall_template,top_texture_scale,2.65 2.65,7
rect,#wall_template,top_texture_scale,5.0 0.4,7
rect,#wall_template,top_texture_scale,6.0 0.4,7
rect,#wall_template,top_texture_scale,6.0 1.0,7
rect,#wall_template,vertex_noise,0.7,1
rect,无label,cord_offset1,-0.5 0 0,2
rect,无label,cord_offset1,0 +0.6 0,2
rect,无label,cord_offset2,-0.5 0 0,2
rect,无label,cord_offset2,-1.5 0 0,2
rect,无label,cord_offset3,+0.5 0 0,1
rect,无label,cord_offset4,+1.5 0 0,1
rect,无label,height,8,1
rect,无label,key,aa_emplacement.vehicle,47
rect,无label,key,armored_truck.vehicle,47
rect,无label,key,deco_car1_black.vehicle,47
rect,无label,key,deco_car1_blue.vehicle,47
rect,无label,key,deco_car1_brown.vehicle,47
rect,无label,key,deco_car1_green.vehicle,47
rect,无label,key,deco_car1_pink.vehicle,47
rect,无label,key,deco_car1_red.vehicle,47
rect,无label,key,deco_car1_white.vehicle,47
rect,无label,key,deco_car1_yellow.vehicle,47
rect,无label,key,deco_car2_black.vehicle,47
rect,无label,key,deco_car2_blue.vehicle,47
rect,无label,key,deco_car2_brown.vehicle,47
rect,无label,key,deco_car2_green.vehicle,47
rect,无label,key,deco_car2_grey.vehicle,47
rect,无label,key,deco_car2_red.vehicle,47
rect,无label,key,deco_car2_silver.vehicle,47
rect,无label,key,deco_car2_white.vehicle,47
rect,无label,key,deco_car2_yellow.vehicle,47
rect,无label,key,deco_car3_black.vehicle,47
rect,无label,key,deco_car3_blue.vehicle,47
rect,无label,key,deco_car3_green.vehicle,47
rect,无label,key,deco_car3_red.vehicle,47
rect,无label,key,deco_car3_sky.vehicle,47
rect,无label,key,deco_car3_yellow.vehicle,47
rect,无label,key,deco_pickup_blue.vehicle,47
rect,无label,key,deco_pickup_green.vehicle,47
rect,无label,key,deco_pickup_khaki.vehicle,47
rect,无label,key,deco_pickup_red.vehicle,47
rect,无label,key,deco_pickup_yellow.vehicle,47
rect,无label,key,deco_van_blue.vehicle,47
rect,无label,key,deco_van_brown.vehicle,47
rect,无label,key,deco_van_green.vehicle,47
rect,无label,key,deco_van_khaki.vehicle,47
rect,无label,key,deco_van_red.vehicle,47
rect,无label,key,deco_van_sky.vehicle,47
rect,无label,key,deco_van_yellow.vehicle,47
rect,无label,key,dumpster.vehicle,47
rect,无label,key,medivan.vehicle,47
rect,无label,key,mobile_armory.vehicle,47
rect,无label,key,mortar_ammunition_crates.vehicle,47
rect,无label,key,prison_bus.vehicle,47
rect,无label,key,radar_tank.vehicle,47
rect,无label,key,radar_truck.vehicle,47
rect,无label,key,rubber_boat.vehicle,47
rect,无label,key,special_cargo_vehicle1.vehicle,47
rect,无label,key,water_tower.vehicle,47
rect,无label,mesh_template,post1_3,19
rect,无label,mesh_template,post1_4,19
rect,无label,mesh_template,rock_b1,19
rect,无label,mesh_template,rock_b2,19
rect,无label,mesh_template,rock_b3,19
rect,无label,mesh_template,rock_b4,19
rect,无label,mesh_template,rock_m1,19
rect,无label,mesh_template,rock_m2,19
rect,无label,mesh_template,rock_m3,19
rect,无label,mesh_template,rock_m4,19
rect,无label,mesh_template,rock_s1,19
rect,无label,mesh_template,rock_s2,19
rect,无label,mesh_template,rock_s3,19
rect,无label,mesh_template,rock_s4,19
rect,无label,mesh_template,stone_1,19
rect,无label,mesh_template,stone_2,19
rect,无label,mesh_template,stone_3,19
rect,无label,mesh_template,stone_4,19
rect,无label,mesh_template,stone_5,19
rect,无label,name,post1_3,4
rect,无label,name,post1_4,4
rect,无label,name,rock1,4
rect,无label,name,stone1,4
rect,无label,tag,apc,7
rect,无label,tag,darkcat,7
rect,无label,tag,fixed_crate,7
rect,无label,tag,icecream,7
rect,无label,tag,jeep,7
rect,无label,tag,random_crate,7
rect,无label,tag,truck,7
rect,无label,template,weapon_rack,1
rect,无label,type,stash,3
rect,无label,type,vehicle,3
rect,无label,type,weapon_rack,3
svg,无label,apartment1_1st_floor_door,"1,3",1
svg,无label,apartment1_1st_floor_door_wide1_l,"2,3",1
svg,无label,apartment1_1st_floor_door_wide1_r,"3,3",1
svg,无label,apartment1_1st_floor_empty,"5,3",1
svg,无label,apartment1_1st_floor_poster_wide1_l,"6,3",1
svg,无label,apartment1_1st_floor_poster_wide1_r,"7,3",1
svg,无label,apartment1_1st_floor_window,"4,3",1
svg,无label,apartment1_small_window,"0,3",1
svg,无label,apartment1_window,"1,0 2,0 3,0 4,0 5,0 6,0 7,0",1
svg,无label,apartment1_window_wide1_l,"0,2 2,2",1
svg,无label,apartment1_window_wide1_r,"1,2 3,2",1
svg,无label,apartment1_window_wide2_l,"4,2 6,2",1
svg,无label,apartment1_window_wide2_r,"5,2 7,2",1
svg,无label,empty,"0,0",1
svg,无label,house_door,"2,0",1
svg,无label,house_empty,"0,0",1
svg,无label,house_window,"0,1 1,1 2,1 3,1 4,1 5,1 6,1 7,1",1
svg,无label,shop1_door_l,"6,1",1
svg,无label,shop1_door_r,"7,1",1
svg,无label,shop1_l,"0,1 2,1 4,1",1
svg,无label,shop1_r,"1,1 3,1 5,1",1
text,无label,collision_model_size,0.8 1.0 0.8,2
text,无label,collision_model_size,1.0 1.2 1.0,2
text,无label,collision_model_type,1,1
text,无label,mesh_name,crate_adjusted.mesh,2
text,无label,mesh_name,pipe.mesh,2
text,无label,name,crate_medical,3
text,无label,name,pipe,3
text,无label,name,rock1,3
text,无label,penetrability,0,1
text,无label,rock_mesh_set_template,rock1,1
text,无label,static_object_type_key,crate_medical.static_object,1
text,无label,stone_mesh_set_template,stone1,1
text,无label,texture0,crate_medical.png,2
text,无label,texture0,world_atlas1.png,2
text,无label,texture0_atlas_cell,5 3 32 32,1
title,无label,alpha_blend,1,1
title,无label,alpha_blend0,0,1
title,无label,alpha_blend1,1,1
title,无label,collision_model_offset,0 0 0,2
title,无label,collision_model_offset,0 8.6 0,2
title,无label,collision_model_size,.3 4 .3,7
title,无label,collision_model_size,0.1 2.0 0.1,7
title,无label,collision_model_size,0.9 0.2 1.5,7
title,无label,collision_model_size,1.3 1.85 0.6,7
title,无label,collision_model_size,1.5 0.8 2.7,7
title,无label,collision_model_size,14.5 7.0 3.0,7
title,无label,collision_model_size,3.2 8.7 1.3,7
title,无label,collision_model_type,0,2
title,无label,collision_model_type,1,2
title,无label,height,4.0,1
title,无label,key,aa_emplacement.vehicle,3
title,无label,key,deco_car2_black.vehicle,3
title,无label,key,jeep_ee.vehicle,3
title,无label,mesh_name,container.mesh,5
title,无label,mesh_name,enclosure.mesh,5
title,无label,mesh_name,palmtree_2.mesh,5
title,无label,mesh_name,parasol.mesh,5
title,无label,mesh_name,rock_s1.mesh,5
title,无label,name,enclosure_a,5
title,无label,name,palmtree_2,5
title,无label,name,parasol_blue,5
title,无label,name,plank,5
title,无label,name,rock_s1,5
title,无label,offset,0 3 0,1
title,无label,penetrability,0.2,1
title,无label,see_through,1,1
title,无label,separator_height,0.3,1
title,无label,static_object_type_key,parasol.static_object,1
title,无label,template,ChurchWall1,19
title,无label,template,bush0,19
title,无label,template,chairset_chair,19
title,无label,template,crate_medical,19
title,无label,template,enclosure,19
title,无label,template,lighthouse,19
title,无label,template,palmtree_1,19
title,无label,template,palmtree_2,19
title,无label,template,parasol_blue,19
title,无label,template,parasol_green,19
title,无label,template,parasol_red,19
title,无label,template,parasol_yellow,19
title,无label,template,rock_m2,19
title,无label,template,rock_s2,19
title,无label,template,sunchair_red,19
title,无label,template,sunchair_yellow,19
title,无label,template,ventilator,19
title,无label,template,venus,19
title,无label,template,weapon_rack,19
title,无label,texture0,alpha.png,2
title,无label,texture0,world_atlas1.png,2
title,无label,texture0_atlas_cell,2 2 16 32,3
title,无label,texture0_atlas_cell,4 0 32 32,3
title,无label,texture0_atlas_cell,5 0 16 16,3
title,无label,texture0_rect,0.0 0.03125 0.125 0.125,1
title,无label,texture1,world_atlas1.png,1
title,无label,top_material,pavement,1
title,无label,type,deck_end,2
title,无label,type,vehicle,2
title,无label,visual_hitbox_offset,,2
title,无label,visual_hitbox_offset,0 8 0,2
title,无label,visual_hitbox_size,2 2 2,2
title,无label,visual_hitbox_size,3.5 15 3.5,2
title,无label,visual_offset,0 0 0,2
title,无label,visual_offset,0 3 0,2
title,无label,walkable,0,2
title,无label,walkable,1,2
title,无label,wall_height,1.0,1
title,无label,wall_template,StoneWallCastle1,1
